id,image,class_name,class_index,x,y,width,height
COCO_train2014_000000011497,images/train2014/COCO_train2014_000000011497.jpg,frisbee,29,0.768602,0.706753,0.105859,0.173600
COCO_train2014_000000011497,images/train2014/COCO_train2014_000000011497.jpg,person,0,0.478156,0.593741,0.188500,0.638024
COCO_train2014_000000008797,images/train2014/COCO_train2014_000000008797.jpg,cow,19,0.566851,0.453099,0.654553,0.580319
COCO_train2014_000000008797,images/train2014/COCO_train2014_000000008797.jpg,cow,19,0.900149,0.721262,0.199702,0.557476
COCO_train2014_000000008797,images/train2014/COCO_train2014_000000008797.jpg,cow,19,0.318691,0.780256,0.585936,0.416294
COCO_train2014_000000008797,images/train2014/COCO_train2014_000000008797.jpg,cow,19,0.091628,0.803450,0.180277,0.353482
COCO_train2014_000000008797,images/train2014/COCO_train2014_000000008797.jpg,cow,19,0.931223,0.900895,0.137553,0.173419
COCO_train2014_000000057697,images/train2014/COCO_train2014_000000057697.jpg,person,0,0.298320,0.599323,0.165172,0.516854
COCO_train2014_000000057697,images/train2014/COCO_train2014_000000057697.jpg,person,0,0.460891,0.462094,0.021313,0.063021
COCO_train2014_000000057697,images/train2014/COCO_train2014_000000057697.jpg,person,0,0.171867,0.548469,0.019547,0.056979
COCO_train2014_000000057697,images/train2014/COCO_train2014_000000057697.jpg,skis,30,0.282203,0.838656,0.302219,0.139354
COCO_train2014_000000034397,images/train2014/COCO_train2014_000000034397.jpg,couch,57,0.268093,0.689160,0.530420,0.315360
COCO_train2014_000000034397,images/train2014/COCO_train2014_000000034397.jpg,bottle,39,0.871321,0.477210,0.018378,0.029300
COCO_train2014_000000034397,images/train2014/COCO_train2014_000000034397.jpg,bottle,39,0.851381,0.467970,0.023423,0.043300
COCO_train2014_000000034397,images/train2014/COCO_train2014_000000034397.jpg,bottle,39,0.816231,0.471050,0.017568,0.040100
COCO_train2014_000000034397,images/train2014/COCO_train2014_000000034397.jpg,bottle,39,0.799189,0.471090,0.019219,0.039500
COCO_train2014_000000034397,images/train2014/COCO_train2014_000000034397.jpg,bottle,39,0.783574,0.465730,0.019459,0.047260
COCO_train2014_000000034397,images/train2014/COCO_train2014_000000034397.jpg,bottle,39,0.760661,0.471700,0.036276,0.047800
COCO_train2014_000000034397,images/train2014/COCO_train2014_000000034397.jpg,bottle,39,0.729940,0.466890,0.021261,0.044820
COCO_train2014_000000034397,images/train2014/COCO_train2014_000000034397.jpg,dining table,60,0.110901,0.829480,0.220300,0.203440
COCO_train2014_000000034397,images/train2014/COCO_train2014_000000034397.jpg,bottle,39,0.688679,0.465500,0.018498,0.046560
COCO_train2014_000000034397,images/train2014/COCO_train2014_000000034397.jpg,bottle,39,0.639099,0.469820,0.016036,0.040400
COCO_train2014_000000034397,images/train2014/COCO_train2014_000000034397.jpg,bottle,39,0.746396,0.467870,0.016937,0.045100
COCO_train2014_000000034397,images/train2014/COCO_train2014_000000034397.jpg,chair,56,0.131036,0.850860,0.250360,0.292720
COCO_train2014_000000034397,images/train2014/COCO_train2014_000000034397.jpg,couch,57,0.520090,0.563410,0.295375,0.146980
COCO_train2014_000000052897,images/train2014/COCO_train2014_000000052897.jpg,chair,56,0.899961,0.199261,0.058141,0.098991
COCO_train2014_000000052897,images/train2014/COCO_train2014_000000052897.jpg,bench,13,0.544109,0.059319,0.236031,0.031221
COCO_train2014_000000052897,images/train2014/COCO_train2014_000000052897.jpg,tennis racket,38,0.286930,0.701655,0.056641,0.251385
COCO_train2014_000000052897,images/train2014/COCO_train2014_000000052897.jpg,tennis racket,38,0.640953,0.684977,0.028594,0.144366
COCO_train2014_000000052897,images/train2014/COCO_train2014_000000052897.jpg,person,0,0.563914,0.641573,0.164547,0.640469
COCO_train2014_000000052897,images/train2014/COCO_train2014_000000052897.jpg,person,0,0.326086,0.670798,0.239328,0.600000
COCO_train2014_000000052897,images/train2014/COCO_train2014_000000052897.jpg,person,0,0.493969,0.253650,0.084375,0.293826
COCO_train2014_000000052897,images/train2014/COCO_train2014_000000052897.jpg,person,0,0.450383,0.066326,0.051172,0.089413
COCO_train2014_000000052897,images/train2014/COCO_train2014_000000052897.jpg,person,0,0.315273,0.060117,0.069547,0.108685
COCO_train2014_000000052897,images/train2014/COCO_train2014_000000052897.jpg,person,0,0.149453,0.058169,0.055844,0.116338
COCO_train2014_000000052897,images/train2014/COCO_train2014_000000052897.jpg,person,0,0.074547,0.060364,0.045781,0.120728
COCO_train2014_000000052897,images/train2014/COCO_train2014_000000052897.jpg,person,0,0.028195,0.047019,0.055547,0.094038
COCO_train2014_000000052897,images/train2014/COCO_train2014_000000052897.jpg,person,0,0.955062,0.048322,0.052344,0.092136
COCO_train2014_000000052897,images/train2014/COCO_train2014_000000052897.jpg,person,0,0.775156,0.055927,0.050813,0.100258
COCO_train2014_000000052897,images/train2014/COCO_train2014_000000052897.jpg,person,0,0.671094,0.039366,0.054125,0.078732
COCO_train2014_000000052897,images/train2014/COCO_train2014_000000052897.jpg,bench,13,0.586961,0.081819,0.229953,0.028568
COCO_train2014_000000052897,images/train2014/COCO_train2014_000000052897.jpg,potted plant,58,0.192602,0.266362,0.303172,0.114085
COCO_train2014_000000052897,images/train2014/COCO_train2014_000000052897.jpg,potted plant,58,0.965984,0.235387,0.068031,0.085516
COCO_train2014_000000052897,images/train2014/COCO_train2014_000000052897.jpg,person,0,0.553641,0.054261,0.075844,0.104343
COCO_train2014_000000052897,images/train2014/COCO_train2014_000000052897.jpg,person,0,0.389500,0.056631,0.081469,0.111150
COCO_train2014_000000052897,images/train2014/COCO_train2014_000000052897.jpg,person,0,0.594531,0.058685,0.704688,0.112676
COCO_train2014_000000056997,images/train2014/COCO_train2014_000000056997.jpg,bench,13,0.500000,0.400907,1.000000,0.459467
COCO_train2014_000000056397,images/train2014/COCO_train2014_000000056397.jpg,suitcase,28,0.250412,0.723594,0.277482,0.525844
COCO_train2014_000000024497,images/train2014/COCO_train2014_000000024497.jpg,cat,15,0.535719,0.482792,0.156750,0.247313
COCO_train2014_000000024497,images/train2014/COCO_train2014_000000024497.jpg,truck,7,0.500000,0.520350,1.000000,0.718131
COCO_train2014_000000012497,images/train2014/COCO_train2014_000000012497.jpg,person,0,0.506111,0.718720,0.141712,0.224720
COCO_train2014_000000012497,images/train2014/COCO_train2014_000000012497.jpg,person,0,0.059249,0.612320,0.017538,0.029200
COCO_train2014_000000012497,images/train2014/COCO_train2014_000000012497.jpg,person,0,0.429144,0.598260,0.021411,0.042360
COCO_train2014_000000012497,images/train2014/COCO_train2014_000000012497.jpg,kite,33,0.366096,0.229290,0.054174,0.066660
COCO_train2014_000000012497,images/train2014/COCO_train2014_000000012497.jpg,person,0,0.448589,0.584040,0.015075,0.020080
COCO_train2014_000000012497,images/train2014/COCO_train2014_000000012497.jpg,kite,33,0.137898,0.522450,0.016456,0.013700
COCO_train2014_000000012497,images/train2014/COCO_train2014_000000012497.jpg,person,0,0.358408,0.578800,0.008468,0.013640
COCO_train2014_000000012497,images/train2014/COCO_train2014_000000012497.jpg,person,0,0.189790,0.580640,0.014835,0.019560
COCO_train2014_000000012497,images/train2014/COCO_train2014_000000012497.jpg,person,0,0.071111,0.590180,0.011471,0.017840
COCO_train2014_000000012497,images/train2014/COCO_train2014_000000012497.jpg,person,0,0.850616,0.570060,0.011622,0.015480
COCO_train2014_000000012497,images/train2014/COCO_train2014_000000012497.jpg,person,0,0.047327,0.592810,0.013333,0.020860
COCO_train2014_000000012497,images/train2014/COCO_train2014_000000012497.jpg,person,0,0.252432,0.578220,0.007988,0.011400
COCO_train2014_000000012497,images/train2014/COCO_train2014_000000012497.jpg,person,0,0.475405,0.585850,0.010030,0.017060
COCO_train2014_000000012497,images/train2014/COCO_train2014_000000012497.jpg,person,0,0.796892,0.567360,0.005856,0.011360
COCO_train2014_000000012497,images/train2014/COCO_train2014_000000012497.jpg,person,0,0.343829,0.580460,0.013303,0.014760
COCO_train2014_000000012497,images/train2014/COCO_train2014_000000012497.jpg,kite,33,0.197342,0.527390,0.009339,0.007340
COCO_train2014_000000012497,images/train2014/COCO_train2014_000000012497.jpg,kite,33,0.606562,0.371710,0.016426,0.008060
COCO_train2014_000000012497,images/train2014/COCO_train2014_000000012497.jpg,kite,33,0.626051,0.501990,0.009039,0.004860
COCO_train2014_000000012497,images/train2014/COCO_train2014_000000012497.jpg,person,0,0.450450,0.576000,0.864865,0.040000
COCO_train2014_000000012497,images/train2014/COCO_train2014_000000012497.jpg,person,0,0.450450,0.576000,0.864865,0.040000
COCO_train2014_000000036197,images/train2014/COCO_train2014_000000036197.jpg,cell phone,67,0.359480,0.411712,0.100400,0.073033
COCO_train2014_000000036197,images/train2014/COCO_train2014_000000036197.jpg,person,0,0.555000,0.348183,0.329280,0.480991
COCO_train2014_000000036197,images/train2014/COCO_train2014_000000036197.jpg,person,0,0.243050,0.618183,0.486100,0.737688
COCO_train2014_000000061697,images/train2014/COCO_train2014_000000061697.jpg,sandwich,48,0.462927,0.709430,0.680146,0.292141
COCO_train2014_000000061697,images/train2014/COCO_train2014_000000061697.jpg,sandwich,48,0.338771,0.592820,0.525292,0.196109
COCO_train2014_000000061697,images/train2014/COCO_train2014_000000061697.jpg,cup,41,0.846437,0.318539,0.296625,0.388766
COCO_train2014_000000061697,images/train2014/COCO_train2014_000000061697.jpg,knife,43,0.301802,0.426773,0.209396,0.042328
COCO_train2014_000000061697,images/train2014/COCO_train2014_000000061697.jpg,oven,69,0.777698,0.355305,0.432854,0.262609
COCO_train2014_000000033897,images/train2014/COCO_train2014_000000033897.jpg,sports ball,32,0.494543,0.870156,0.159578,0.103906
COCO_train2014_000000033897,images/train2014/COCO_train2014_000000033897.jpg,person,0,0.620199,0.588656,0.542553,0.668594
COCO_train2014_000000033897,images/train2014/COCO_train2014_000000033897.jpg,person,0,0.319239,0.153234,0.170468,0.267875
COCO_train2014_000000033897,images/train2014/COCO_train2014_000000033897.jpg,person,0,0.808407,0.204781,0.117939,0.155187
COCO_train2014_000000033897,images/train2014/COCO_train2014_000000033897.jpg,person,0,0.917670,0.374891,0.164660,0.455969
COCO_train2014_000000033897,images/train2014/COCO_train2014_000000033897.jpg,person,0,0.293302,0.469031,0.263841,0.565688
COCO_train2014_000000033897,images/train2014/COCO_train2014_000000033897.jpg,person,0,0.367646,0.101422,0.091920,0.143687
COCO_train2014_000000033897,images/train2014/COCO_train2014_000000033897.jpg,person,0,0.500433,0.167656,0.109578,0.105813
COCO_train2014_000000033897,images/train2014/COCO_train2014_000000033897.jpg,car,2,0.201581,0.201016,0.107564,0.097188
COCO_train2014_000000033897,images/train2014/COCO_train2014_000000033897.jpg,person,0,0.523138,0.574375,0.368431,0.603375
COCO_train2014_000000015297,images/train2014/COCO_train2014_000000015297.jpg,cat,15,0.708883,0.501710,0.507016,0.996058
COCO_train2014_000000015297,images/train2014/COCO_train2014_000000015297.jpg,person,0,0.344031,0.544942,0.683219,0.887623
COCO_train2014_000000058397,images/train2014/COCO_train2014_000000058397.jpg,clock,74,0.495961,0.759195,0.088328,0.112554
COCO_train2014_000000048797,images/train2014/COCO_train2014_000000048797.jpg,person,0,0.730156,0.893911,0.013906,0.049368
COCO_train2014_000000048797,images/train2014/COCO_train2014_000000048797.jpg,person,0,0.232281,0.841663,0.007125,0.020796
COCO_train2014_000000048797,images/train2014/COCO_train2014_000000048797.jpg,umbrella,25,0.233500,0.931218,0.031187,0.019110
COCO_train2014_000000048797,images/train2014/COCO_train2014_000000048797.jpg,umbrella,25,0.103141,0.922693,0.038719,0.056956
COCO_train2014_000000048797,images/train2014/COCO_train2014_000000048797.jpg,umbrella,25,0.074484,0.883876,0.030531,0.019274
COCO_train2014_000000048797,images/train2014/COCO_train2014_000000048797.jpg,umbrella,25,0.246695,0.841768,0.023891,0.008267
COCO_train2014_000000048797,images/train2014/COCO_train2014_000000048797.jpg,umbrella,25,0.379328,0.797377,0.034000,0.017799
COCO_train2014_000000048797,images/train2014/COCO_train2014_000000048797.jpg,umbrella,25,0.409555,0.815234,0.025297,0.015480
COCO_train2014_000000048797,images/train2014/COCO_train2014_000000048797.jpg,umbrella,25,0.831555,0.759450,0.023672,0.022646
COCO_train2014_000000048797,images/train2014/COCO_train2014_000000048797.jpg,umbrella,25,0.150570,0.882061,0.035641,0.020468
COCO_train2014_000000048797,images/train2014/COCO_train2014_000000048797.jpg,umbrella,25,0.043727,0.885211,0.011797,0.012951
COCO_train2014_000000048797,images/train2014/COCO_train2014_000000048797.jpg,umbrella,25,0.074836,0.895457,0.027516,0.010070
COCO_train2014_000000048797,images/train2014/COCO_train2014_000000048797.jpg,umbrella,25,0.137281,0.863314,0.034500,0.025082
COCO_train2014_000000048797,images/train2014/COCO_train2014_000000048797.jpg,kite,33,0.773273,0.464684,0.016984,0.018970
COCO_train2014_000000048797,images/train2014/COCO_train2014_000000048797.jpg,person,0,0.528773,0.792365,0.005547,0.011710
COCO_train2014_000000048797,images/train2014/COCO_train2014_000000048797.jpg,person,0,0.794305,0.759930,0.004453,0.016066
COCO_train2014_000000048797,images/train2014/COCO_train2014_000000048797.jpg,person,0,0.745164,0.774297,0.008859,0.027237
COCO_train2014_000000048797,images/train2014/COCO_train2014_000000048797.jpg,person,0,0.062563,0.861429,0.012500,0.037471
COCO_train2014_000000048797,images/train2014/COCO_train2014_000000048797.jpg,person,0,0.210930,0.853735,0.007391,0.036557
COCO_train2014_000000048797,images/train2014/COCO_train2014_000000048797.jpg,person,0,0.762422,0.769321,0.005969,0.027447
COCO_train2014_000000048797,images/train2014/COCO_train2014_000000048797.jpg,person,0,0.727836,0.770316,0.003922,0.018478
COCO_train2014_000000048797,images/train2014/COCO_train2014_000000048797.jpg,person,0,0.757555,0.764087,0.004016,0.017213
COCO_train2014_000000048797,images/train2014/COCO_train2014_000000048797.jpg,person,0,0.337469,0.829953,0.009906,0.025855
COCO_train2014_000000048797,images/train2014/COCO_train2014_000000048797.jpg,bicycle,1,0.415656,0.941581,0.027437,0.030375
COCO_train2014_000000048797,images/train2014/COCO_train2014_000000048797.jpg,boat,8,0.234297,0.525433,0.007281,0.025761
COCO_train2014_000000048797,images/train2014/COCO_train2014_000000048797.jpg,boat,8,0.626539,0.585714,0.016703,0.008665
COCO_train2014_000000048797,images/train2014/COCO_train2014_000000048797.jpg,person,0,0.658789,0.801499,0.010172,0.016253
COCO_train2014_000000048797,images/train2014/COCO_train2014_000000048797.jpg,umbrella,25,0.511039,0.898489,0.025516,0.038244
COCO_train2014_000000048797,images/train2014/COCO_train2014_000000048797.jpg,umbrella,25,0.724898,0.807260,0.033828,0.025105
COCO_train2014_000000048797,images/train2014/COCO_train2014_000000048797.jpg,person,0,0.499219,0.840749,0.998437,0.252927
COCO_train2014_000000048797,images/train2014/COCO_train2014_000000048797.jpg,person,0,0.499219,0.840749,0.998437,0.252927
COCO_train2014_000000048797,images/train2014/COCO_train2014_000000048797.jpg,person,0,0.499219,0.840749,0.998437,0.252927
COCO_train2014_000000048797,images/train2014/COCO_train2014_000000048797.jpg,umbrella,25,0.371094,0.877049,0.739062,0.189696
COCO_train2014_000000045097,images/train2014/COCO_train2014_000000045097.jpg,person,0,0.549836,0.584461,0.889906,0.831078
COCO_train2014_000000045097,images/train2014/COCO_train2014_000000045097.jpg,banana,46,0.314601,0.657648,0.190892,0.327047
COCO_train2014_000000060297,images/train2014/COCO_train2014_000000060297.jpg,skis,30,0.713875,0.536523,0.313194,0.904141
COCO_train2014_000000007697,images/train2014/COCO_train2014_000000007697.jpg,giraffe,23,0.408555,0.596406,0.105703,0.677854
COCO_train2014_000000007697,images/train2014/COCO_train2014_000000007697.jpg,giraffe,23,0.543617,0.500323,0.214766,0.700229
COCO_train2014_000000041997,images/train2014/COCO_train2014_000000041997.jpg,car,2,0.840360,0.788419,0.106840,0.072620
COCO_train2014_000000041997,images/train2014/COCO_train2014_000000041997.jpg,person,0,0.676940,0.792801,0.021760,0.083614
COCO_train2014_000000041997,images/train2014/COCO_train2014_000000041997.jpg,person,0,0.623120,0.795693,0.013440,0.103373
COCO_train2014_000000041997,images/train2014/COCO_train2014_000000041997.jpg,person,0,0.611950,0.798795,0.011020,0.085964
COCO_train2014_000000041997,images/train2014/COCO_train2014_000000041997.jpg,person,0,0.534670,0.778102,0.006900,0.033916
COCO_train2014_000000041997,images/train2014/COCO_train2014_000000041997.jpg,person,0,0.665420,0.793614,0.015600,0.085241
COCO_train2014_000000041997,images/train2014/COCO_train2014_000000041997.jpg,person,0,0.992520,0.799729,0.014960,0.084819
COCO_train2014_000000041997,images/train2014/COCO_train2014_000000041997.jpg,person,0,0.900880,0.799804,0.016840,0.065392
COCO_train2014_000000041997,images/train2014/COCO_train2014_000000041997.jpg,backpack,24,0.628330,0.783855,0.008980,0.029458
COCO_train2014_000000041997,images/train2014/COCO_train2014_000000041997.jpg,kite,33,0.482830,0.179021,0.129660,0.041898
COCO_train2014_000000041997,images/train2014/COCO_train2014_000000041997.jpg,kite,33,0.322630,0.263238,0.208980,0.072681
COCO_train2014_000000041997,images/train2014/COCO_train2014_000000041997.jpg,kite,33,0.276270,0.565964,0.263100,0.110422
COCO_train2014_000000041997,images/train2014/COCO_train2014_000000041997.jpg,kite,33,0.949120,0.244458,0.028840,0.025723
COCO_train2014_000000041997,images/train2014/COCO_train2014_000000041997.jpg,kite,33,0.717750,0.217771,0.017740,0.028916
COCO_train2014_000000041997,images/train2014/COCO_train2014_000000041997.jpg,kite,33,0.566990,0.245346,0.207900,0.055753
COCO_train2014_000000041997,images/train2014/COCO_train2014_000000041997.jpg,kite,33,0.162020,0.246822,0.205960,0.098886
COCO_train2014_000000041997,images/train2014/COCO_train2014_000000041997.jpg,kite,33,0.092720,0.530798,0.181880,0.103524
COCO_train2014_000000041997,images/train2014/COCO_train2014_000000041997.jpg,kite,33,0.680190,0.599157,0.257700,0.203373
COCO_train2014_000000041997,images/train2014/COCO_train2014_000000041997.jpg,kite,33,0.033560,0.302184,0.066680,0.095934
COCO_train2014_000000041997,images/train2014/COCO_train2014_000000041997.jpg,kite,33,0.033630,0.165105,0.066860,0.051476
COCO_train2014_000000041997,images/train2014/COCO_train2014_000000041997.jpg,person,0,0.605340,0.797575,0.011880,0.075633
COCO_train2014_000000041997,images/train2014/COCO_train2014_000000041997.jpg,person,0,0.580660,0.786009,0.008320,0.057078
COCO_train2014_000000041997,images/train2014/COCO_train2014_000000041997.jpg,person,0,0.591750,0.793931,0.018980,0.096355
COCO_train2014_000000041997,images/train2014/COCO_train2014_000000041997.jpg,kite,33,0.520990,0.498238,0.232020,0.266114
COCO_train2014_000000041997,images/train2014/COCO_train2014_000000041997.jpg,person,0,0.551650,0.770964,0.009020,0.044157
COCO_train2014_000000041997,images/train2014/COCO_train2014_000000041997.jpg,kite,33,0.906510,0.432470,0.158980,0.050723
COCO_train2014_000000041997,images/train2014/COCO_train2014_000000041997.jpg,person,0,0.569200,0.797726,0.021640,0.082440
COCO_train2014_000000041997,images/train2014/COCO_train2014_000000041997.jpg,person,0,0.262410,0.758690,0.011380,0.041536
COCO_train2014_000000041997,images/train2014/COCO_train2014_000000041997.jpg,person,0,0.822000,0.790663,0.152000,0.093373
COCO_train2014_000000041997,images/train2014/COCO_train2014_000000041997.jpg,kite,33,0.344000,0.483434,0.688000,0.280120
COCO_train2014_000000041097,images/train2014/COCO_train2014_000000041097.jpg,person,0,0.116875,0.510312,0.233750,0.188333
COCO_train2014_000000041097,images/train2014/COCO_train2014_000000041097.jpg,pizza,53,0.407859,0.549437,0.276406,0.217958
COCO_train2014_000000041097,images/train2014/COCO_train2014_000000041097.jpg,pizza,53,0.430023,0.711625,0.490984,0.458250
COCO_train2014_000000041097,images/train2014/COCO_train2014_000000041097.jpg,oven,69,0.624250,0.309885,0.606281,0.613771
COCO_train2014_000000030997,images/train2014/COCO_train2014_000000030997.jpg,cat,15,0.393234,0.412354,0.419281,0.337167
COCO_train2014_000000030997,images/train2014/COCO_train2014_000000030997.jpg,cat,15,0.658734,0.454833,0.267313,0.340750
COCO_train2014_000000030997,images/train2014/COCO_train2014_000000030997.jpg,suitcase,28,0.471062,0.741573,0.652250,0.480896
COCO_train2014_000000030997,images/train2014/COCO_train2014_000000030997.jpg,clock,74,0.162242,0.945896,0.219547,0.072542
COCO_train2014_000000031497,images/train2014/COCO_train2014_000000031497.jpg,airplane,4,0.496523,0.350898,0.753453,0.437233
COCO_train2014_000000031497,images/train2014/COCO_train2014_000000031497.jpg,truck,7,0.147891,0.484223,0.139187,0.096845
COCO_train2014_000000036797,images/train2014/COCO_train2014_000000036797.jpg,person,0,0.160656,0.769230,0.054469,0.269826
COCO_train2014_000000036797,images/train2014/COCO_train2014_000000036797.jpg,person,0,0.651297,0.750781,0.014344,0.055835
COCO_train2014_000000036797,images/train2014/COCO_train2014_000000036797.jpg,giraffe,23,0.383937,0.660054,0.401062,0.581323
COCO_train2014_000000036797,images/train2014/COCO_train2014_000000036797.jpg,giraffe,23,0.512195,0.373384,0.092203,0.201779
COCO_train2014_000000036797,images/train2014/COCO_train2014_000000036797.jpg,person,0,0.611500,0.740683,0.013250,0.043926
COCO_train2014_000000036797,images/train2014/COCO_train2014_000000036797.jpg,person,0,0.636813,0.736074,0.012750,0.039393
COCO_train2014_000000036797,images/train2014/COCO_train2014_000000036797.jpg,person,0,0.257570,0.761844,0.055484,0.239349
COCO_train2014_000000036797,images/train2014/COCO_train2014_000000036797.jpg,person,0,0.603812,0.753492,0.020094,0.043427
COCO_train2014_000000064797,images/train2014/COCO_train2014_000000064797.jpg,bird,14,0.789133,0.630600,0.377516,0.585200
COCO_train2014_000000064797,images/train2014/COCO_train2014_000000064797.jpg,bird,14,0.619797,0.391400,0.279906,0.374188
COCO_train2014_000000064797,images/train2014/COCO_train2014_000000064797.jpg,bird,14,0.179297,0.451106,0.190812,0.435953
COCO_train2014_000000011697,images/train2014/COCO_train2014_000000011697.jpg,car,2,0.135135,0.629508,0.270271,0.135141
COCO_train2014_000000011697,images/train2014/COCO_train2014_000000011697.jpg,car,2,0.949937,0.583289,0.100125,0.040891
COCO_train2014_000000011697,images/train2014/COCO_train2014_000000011697.jpg,bus,5,0.686417,0.552914,0.062125,0.051172
COCO_train2014_000000011697,images/train2014/COCO_train2014_000000011697.jpg,motorcycle,3,0.774333,0.570492,0.027542,0.019984
COCO_train2014_000000011697,images/train2014/COCO_train2014_000000011697.jpg,car,2,0.883542,0.856789,0.232917,0.286422
COCO_train2014_000000011697,images/train2014/COCO_train2014_000000011697.jpg,car,2,0.865031,0.571656,0.080354,0.034875
COCO_train2014_000000003897,images/train2014/COCO_train2014_000000003897.jpg,giraffe,23,0.472750,0.530344,0.574719,0.916854
COCO_train2014_000000003897,images/train2014/COCO_train2014_000000003897.jpg,person,0,0.682547,0.916490,0.168625,0.167021
COCO_train2014_000000003897,images/train2014/COCO_train2014_000000003897.jpg,person,0,0.673141,0.878937,0.040500,0.105208
COCO_train2014_000000003897,images/train2014/COCO_train2014_000000003897.jpg,person,0,0.743258,0.878281,0.114609,0.224729
COCO_train2014_000000003897,images/train2014/COCO_train2014_000000003897.jpg,person,0,0.867758,0.841656,0.210391,0.316687
COCO_train2014_000000003897,images/train2014/COCO_train2014_000000003897.jpg,person,0,0.182023,0.959552,0.087641,0.058438
COCO_train2014_000000003897,images/train2014/COCO_train2014_000000003897.jpg,person,0,0.890852,0.814448,0.060016,0.052271
COCO_train2014_000000003897,images/train2014/COCO_train2014_000000003897.jpg,person,0,0.971133,0.943740,0.055891,0.112521
COCO_train2014_000000003897,images/train2014/COCO_train2014_000000003897.jpg,person,0,0.270313,0.897458,0.041906,0.160792
COCO_train2014_000000003897,images/train2014/COCO_train2014_000000003897.jpg,person,0,0.622734,0.938240,0.109750,0.123188
COCO_train2014_000000003897,images/train2014/COCO_train2014_000000003897.jpg,person,0,0.361477,0.919531,0.150266,0.160938
COCO_train2014_000000003897,images/train2014/COCO_train2014_000000003897.jpg,person,0,0.591273,0.988594,0.072703,0.022812
COCO_train2014_000000012797,images/train2014/COCO_train2014_000000012797.jpg,tie,27,0.351613,0.858580,0.191440,0.278400
COCO_train2014_000000012797,images/train2014/COCO_train2014_000000012797.jpg,cell phone,67,0.557720,0.547050,0.376827,0.378700
COCO_train2014_000000012797,images/train2014/COCO_train2014_000000012797.jpg,person,0,0.501493,0.528090,0.997013,0.912340
COCO_train2014_000000052497,images/train2014/COCO_train2014_000000052497.jpg,knife,43,0.555633,0.394062,0.010078,0.025333
COCO_train2014_000000052497,images/train2014/COCO_train2014_000000052497.jpg,knife,43,0.548203,0.395135,0.014750,0.026396
COCO_train2014_000000052497,images/train2014/COCO_train2014_000000052497.jpg,knife,43,0.539219,0.407438,0.014813,0.048458
COCO_train2014_000000052497,images/train2014/COCO_train2014_000000052497.jpg,oven,69,0.329734,0.548802,0.111125,0.156271
COCO_train2014_000000052497,images/train2014/COCO_train2014_000000052497.jpg,sink,71,0.634547,0.503094,0.187125,0.074229
COCO_train2014_000000052497,images/train2014/COCO_train2014_000000052497.jpg,book,73,0.277352,0.646844,0.102047,0.056896
COCO_train2014_000000052497,images/train2014/COCO_train2014_000000052497.jpg,backpack,24,0.879180,0.596229,0.130297,0.188125
COCO_train2014_000000052497,images/train2014/COCO_train2014_000000052497.jpg,handbag,26,0.774930,0.594906,0.142328,0.241604
COCO_train2014_000000052497,images/train2014/COCO_train2014_000000052497.jpg,bottle,39,0.616703,0.442490,0.013594,0.064146
COCO_train2014_000000052497,images/train2014/COCO_train2014_000000052497.jpg,refrigerator,72,0.205617,0.447198,0.151672,0.552813
COCO_train2014_000000052497,images/train2014/COCO_train2014_000000052497.jpg,bottle,39,0.707437,0.646042,0.036250,0.078750
COCO_train2014_000000006197,images/train2014/COCO_train2014_000000006197.jpg,truck,7,0.265461,0.546332,0.530922,0.367389
COCO_train2014_000000006197,images/train2014/COCO_train2014_000000006197.jpg,dog,16,0.446844,0.823316,0.126875,0.222402
COCO_train2014_000000006197,images/train2014/COCO_train2014_000000006197.jpg,truck,7,0.418227,0.341802,0.197984,0.116084
COCO_train2014_000000001397,images/train2014/COCO_train2014_000000001397.jpg,person,0,0.554172,0.391604,0.235875,0.501944
COCO_train2014_000000001397,images/train2014/COCO_train2014_000000001397.jpg,surfboard,37,0.361086,0.663665,0.325203,0.112904
COCO_train2014_000000037697,images/train2014/COCO_train2014_000000037697.jpg,sheep,18,0.749906,0.654989,0.138531,0.193531
COCO_train2014_000000037697,images/train2014/COCO_train2014_000000037697.jpg,sheep,18,0.695805,0.537522,0.072016,0.066667
COCO_train2014_000000037697,images/train2014/COCO_train2014_000000037697.jpg,sheep,18,0.511148,0.448421,0.030984,0.055570
COCO_train2014_000000037697,images/train2014/COCO_train2014_000000037697.jpg,sheep,18,0.467555,0.517029,0.069172,0.070241
COCO_train2014_000000037697,images/train2014/COCO_train2014_000000037697.jpg,sheep,18,0.422727,0.604814,0.071641,0.089627
COCO_train2014_000000037697,images/train2014/COCO_train2014_000000037697.jpg,sheep,18,0.519969,0.512423,0.041813,0.045154
COCO_train2014_000000037697,images/train2014/COCO_train2014_000000037697.jpg,sheep,18,0.398250,0.467818,0.078000,0.045724
COCO_train2014_000000037697,images/train2014/COCO_train2014_000000037697.jpg,sheep,18,0.675828,0.470680,0.027906,0.064298
COCO_train2014_000000037697,images/train2014/COCO_train2014_000000037697.jpg,sheep,18,0.801727,0.813268,0.147328,0.241447
COCO_train2014_000000037697,images/train2014/COCO_train2014_000000037697.jpg,sheep,18,0.622914,0.721151,0.118922,0.173925
COCO_train2014_000000037697,images/train2014/COCO_train2014_000000037697.jpg,sheep,18,0.888617,0.652818,0.105672,0.128092
COCO_train2014_000000037697,images/train2014/COCO_train2014_000000037697.jpg,sheep,18,0.479258,0.657182,0.127797,0.154715
COCO_train2014_000000037697,images/train2014/COCO_train2014_000000037697.jpg,sheep,18,0.598008,0.539101,0.079234,0.084956
COCO_train2014_000000037697,images/train2014/COCO_train2014_000000037697.jpg,sheep,18,0.761523,0.550757,0.120422,0.102303
COCO_train2014_000000037697,images/train2014/COCO_train2014_000000037697.jpg,sheep,18,0.845125,0.571261,0.084906,0.148399
COCO_train2014_000000037697,images/train2014/COCO_train2014_000000037697.jpg,person,0,0.093406,0.403202,0.058219,0.229781
COCO_train2014_000000037697,images/train2014/COCO_train2014_000000037697.jpg,sheep,18,0.591406,0.542763,0.804688,0.357456
COCO_train2014_000000037697,images/train2014/COCO_train2014_000000037697.jpg,sheep,18,0.591406,0.542763,0.804688,0.357456
COCO_train2014_000000053597,images/train2014/COCO_train2014_000000053597.jpg,giraffe,23,0.588203,0.510115,0.185406,0.395521
COCO_train2014_000000053597,images/train2014/COCO_train2014_000000053597.jpg,giraffe,23,0.316008,0.460677,0.281453,0.148312
COCO_train2014_000000053597,images/train2014/COCO_train2014_000000053597.jpg,giraffe,23,0.123883,0.406365,0.237641,0.215729
COCO_train2014_000000021497,images/train2014/COCO_train2014_000000021497.jpg,pizza,53,0.531180,0.604500,0.937641,0.773042
COCO_train2014_000000021497,images/train2014/COCO_train2014_000000021497.jpg,fork,42,0.447328,0.018115,0.046344,0.036229
COCO_train2014_000000021497,images/train2014/COCO_train2014_000000021497.jpg,bowl,45,0.340367,0.164406,0.521953,0.308563
COCO_train2014_000000021497,images/train2014/COCO_train2014_000000021497.jpg,dining table,60,0.500844,0.275281,0.998312,0.550562
COCO_train2014_000000013397,images/train2014/COCO_train2014_000000013397.jpg,airplane,4,0.594156,0.376893,0.662125,0.432664
COCO_train2014_000000013397,images/train2014/COCO_train2014_000000013397.jpg,person,0,0.571680,0.294871,0.032453,0.077921
COCO_train2014_000000035497,images/train2014/COCO_train2014_000000035497.jpg,train,6,0.527398,0.506928,0.945203,0.588383
COCO_train2014_000000035497,images/train2014/COCO_train2014_000000035497.jpg,person,0,0.688828,0.491604,0.025781,0.054751
COCO_train2014_000000035497,images/train2014/COCO_train2014_000000035497.jpg,bottle,39,0.385063,0.897799,0.014469,0.079030
COCO_train2014_000000035497,images/train2014/COCO_train2014_000000035497.jpg,person,0,0.863273,0.464167,0.056672,0.108731
COCO_train2014_000000035497,images/train2014/COCO_train2014_000000035497.jpg,person,0,0.568219,0.476381,0.034125,0.092114
COCO_train2014_000000035497,images/train2014/COCO_train2014_000000035497.jpg,person,0,0.334391,0.484577,0.031844,0.055323
COCO_train2014_000000013497,images/train2014/COCO_train2014_000000013497.jpg,truck,7,0.325936,0.612150,0.472515,0.581180
COCO_train2014_000000064497,images/train2014/COCO_train2014_000000064497.jpg,boat,8,0.694594,0.731472,0.504344,0.514611
COCO_train2014_000000011297,images/train2014/COCO_train2014_000000011297.jpg,elephant,20,0.516578,0.475281,0.126406,0.159562
COCO_train2014_000000023797,images/train2014/COCO_train2014_000000023797.jpg,truck,7,0.883984,0.470695,0.228625,0.104349
COCO_train2014_000000023797,images/train2014/COCO_train2014_000000023797.jpg,truck,7,0.454109,0.532583,0.752344,0.683135
COCO_train2014_000000023797,images/train2014/COCO_train2014_000000023797.jpg,truck,7,0.843055,0.605132,0.108172,0.116843
COCO_train2014_000000019397,images/train2014/COCO_train2014_000000019397.jpg,cat,15,0.618900,0.378050,0.241300,0.560300
COCO_train2014_000000019397,images/train2014/COCO_train2014_000000019397.jpg,chair,56,0.650958,0.531358,0.432550,0.860817
COCO_train2014_000000019397,images/train2014/COCO_train2014_000000019397.jpg,bowl,45,0.257042,0.579583,0.117117,0.106600
COCO_train2014_000000019397,images/train2014/COCO_train2014_000000019397.jpg,bowl,45,0.287075,0.385775,0.074917,0.055350
COCO_train2014_000000019397,images/train2014/COCO_train2014_000000019397.jpg,bowl,45,0.278717,0.514483,0.077433,0.053300
COCO_train2014_000000020997,images/train2014/COCO_train2014_000000020997.jpg,bed,59,0.270742,0.586208,0.524672,0.522417
COCO_train2014_000000020997,images/train2014/COCO_train2014_000000020997.jpg,bed,59,0.578859,0.708271,0.838937,0.539167
COCO_train2014_000000020997,images/train2014/COCO_train2014_000000020997.jpg,clock,74,0.569711,0.465333,0.064078,0.046708
COCO_train2014_000000021197,images/train2014/COCO_train2014_000000021197.jpg,cup,41,0.626430,0.187775,0.190203,0.366511
COCO_train2014_000000021197,images/train2014/COCO_train2014_000000021197.jpg,bowl,45,0.839320,0.475984,0.115609,0.153653
COCO_train2014_000000021197,images/train2014/COCO_train2014_000000021197.jpg,pizza,53,0.465531,0.610117,0.907062,0.519110
COCO_train2014_000000021197,images/train2014/COCO_train2014_000000021197.jpg,person,0,0.829875,0.117740,0.245344,0.231780
COCO_train2014_000000021197,images/train2014/COCO_train2014_000000021197.jpg,pizza,53,0.945437,0.519778,0.109125,0.226534
COCO_train2014_000000021197,images/train2014/COCO_train2014_000000021197.jpg,dining table,60,0.499227,0.628326,0.998453,0.742506
COCO_train2014_000000021197,images/train2014/COCO_train2014_000000021197.jpg,bottle,39,0.412016,0.200445,0.187500,0.388993
COCO_train2014_000000021197,images/train2014/COCO_train2014_000000021197.jpg,person,0,0.124227,0.149742,0.248453,0.296862
COCO_train2014_000000000597,images/train2014/COCO_train2014_000000000597.jpg,elephant,20,0.559867,0.724113,0.063703,0.094597
COCO_train2014_000000000597,images/train2014/COCO_train2014_000000000597.jpg,elephant,20,0.653281,0.685323,0.108000,0.173468
COCO_train2014_000000000597,images/train2014/COCO_train2014_000000000597.jpg,elephant,20,0.788078,0.691815,0.113875,0.174758
COCO_train2014_000000000597,images/train2014/COCO_train2014_000000000597.jpg,elephant,20,0.365687,0.671008,0.117656,0.191048
COCO_train2014_000000000597,images/train2014/COCO_train2014_000000000597.jpg,elephant,20,0.256500,0.693044,0.093031,0.139476
COCO_train2014_000000000597,images/train2014/COCO_train2014_000000000597.jpg,elephant,20,0.167117,0.706694,0.054453,0.105403
COCO_train2014_000000000597,images/train2014/COCO_train2014_000000000597.jpg,elephant,20,0.045711,0.692137,0.086203,0.134839
COCO_train2014_000000025697,images/train2014/COCO_train2014_000000025697.jpg,refrigerator,72,0.752530,0.501133,0.494940,0.993253
COCO_train2014_000000025697,images/train2014/COCO_train2014_000000025697.jpg,chair,56,0.100620,0.751093,0.149240,0.342080
COCO_train2014_000000025697,images/train2014/COCO_train2014_000000025697.jpg,chair,56,0.025420,0.809133,0.050640,0.323173
COCO_train2014_000000025697,images/train2014/COCO_train2014_000000025697.jpg,chair,56,0.010890,0.614907,0.019660,0.061973
COCO_train2014_000000025697,images/train2014/COCO_train2014_000000025697.jpg,bowl,45,0.313600,0.548680,0.086800,0.074800
COCO_train2014_000000025697,images/train2014/COCO_train2014_000000025697.jpg,dining table,60,0.068710,0.771907,0.137420,0.299600
COCO_train2014_000000025697,images/train2014/COCO_train2014_000000025697.jpg,oven,69,0.391680,0.771267,0.275440,0.457467
COCO_train2014_000000025797,images/train2014/COCO_train2014_000000025797.jpg,stop sign,11,0.512891,0.469958,0.615469,0.713000
COCO_train2014_000000025797,images/train2014/COCO_train2014_000000025797.jpg,person,0,0.448508,0.647156,0.051453,0.105563
COCO_train2014_000000017997,images/train2014/COCO_train2014_000000017997.jpg,giraffe,23,0.208617,0.466391,0.216547,0.658226
COCO_train2014_000000017997,images/train2014/COCO_train2014_000000017997.jpg,giraffe,23,0.391844,0.512706,0.280781,0.690489
COCO_train2014_000000017997,images/train2014/COCO_train2014_000000017997.jpg,giraffe,23,0.703414,0.545596,0.288078,0.731376
COCO_train2014_000000019797,images/train2014/COCO_train2014_000000019797.jpg,person,0,0.624190,0.504850,0.123300,0.548559
COCO_train2014_000000019797,images/train2014/COCO_train2014_000000019797.jpg,person,0,0.490310,0.538048,0.146660,0.562462
COCO_train2014_000000019797,images/train2014/COCO_train2014_000000019797.jpg,person,0,0.203380,0.531532,0.156440,0.606246
COCO_train2014_000000019797,images/train2014/COCO_train2014_000000019797.jpg,surfboard,37,0.287350,0.505240,0.350220,0.224715
COCO_train2014_000000019797,images/train2014/COCO_train2014_000000019797.jpg,surfboard,37,0.505240,0.480465,0.446120,0.308679
COCO_train2014_000000019797,images/train2014/COCO_train2014_000000019797.jpg,surfboard,37,0.708750,0.501922,0.362580,0.435736
COCO_train2014_000000000797,images/train2014/COCO_train2014_000000000797.jpg,elephant,20,0.376352,0.532083,0.752703,0.598889
COCO_train2014_000000000797,images/train2014/COCO_train2014_000000000797.jpg,elephant,20,0.756656,0.627431,0.486688,0.679361
COCO_train2014_000000041597,images/train2014/COCO_train2014_000000041597.jpg,toothbrush,79,0.592345,0.518366,0.118676,0.274216
COCO_train2014_000000041597,images/train2014/COCO_train2014_000000041597.jpg,person,0,0.510065,0.495743,0.706928,0.982108
COCO_train2014_000000002697,images/train2014/COCO_train2014_000000002697.jpg,cup,41,0.220102,0.395781,0.294422,0.361646
COCO_train2014_000000002697,images/train2014/COCO_train2014_000000002697.jpg,fork,42,0.419766,0.090083,0.042219,0.173417
COCO_train2014_000000002697,images/train2014/COCO_train2014_000000002697.jpg,spoon,44,0.177000,0.292125,0.057594,0.080667
COCO_train2014_000000002697,images/train2014/COCO_train2014_000000002697.jpg,broccoli,50,0.706094,0.563937,0.087000,0.136542
COCO_train2014_000000002697,images/train2014/COCO_train2014_000000002697.jpg,broccoli,50,0.565469,0.584885,0.092781,0.097771
COCO_train2014_000000002697,images/train2014/COCO_train2014_000000002697.jpg,broccoli,50,0.541156,0.524563,0.128812,0.120000
COCO_train2014_000000002697,images/train2014/COCO_train2014_000000002697.jpg,broccoli,50,0.484289,0.948438,0.092578,0.102667
COCO_train2014_000000002697,images/train2014/COCO_train2014_000000002697.jpg,broccoli,50,0.450117,0.592448,0.130516,0.116021
COCO_train2014_000000002697,images/train2014/COCO_train2014_000000002697.jpg,carrot,51,0.277492,0.750000,0.133359,0.118542
COCO_train2014_000000002697,images/train2014/COCO_train2014_000000002697.jpg,carrot,51,0.710977,0.170615,0.043016,0.036146
COCO_train2014_000000002697,images/train2014/COCO_train2014_000000002697.jpg,knife,43,0.962680,0.531792,0.074328,0.079750
COCO_train2014_000000002697,images/train2014/COCO_train2014_000000002697.jpg,knife,43,0.939234,0.348667,0.027781,0.038708
COCO_train2014_000000002697,images/train2014/COCO_train2014_000000002697.jpg,carrot,51,0.523328,0.170198,0.053750,0.065396
COCO_train2014_000000002697,images/train2014/COCO_train2014_000000002697.jpg,carrot,51,0.363719,0.197188,0.051656,0.088000
COCO_train2014_000000002697,images/train2014/COCO_train2014_000000002697.jpg,dining table,60,0.500844,0.556708,0.998312,0.886583
COCO_train2014_000000002697,images/train2014/COCO_train2014_000000002697.jpg,broccoli,50,0.376039,0.601708,0.073891,0.079583
COCO_train2014_000000002697,images/train2014/COCO_train2014_000000002697.jpg,broccoli,50,0.355945,0.766469,0.072922,0.081354
COCO_train2014_000000002697,images/train2014/COCO_train2014_000000002697.jpg,broccoli,50,0.478328,0.543344,0.055781,0.046479
COCO_train2014_000000002697,images/train2014/COCO_train2014_000000002697.jpg,broccoli,50,0.522609,0.138563,0.042625,0.021792
COCO_train2014_000000002697,images/train2014/COCO_train2014_000000002697.jpg,broccoli,50,0.289953,0.700729,0.049656,0.062500
COCO_train2014_000000002697,images/train2014/COCO_train2014_000000002697.jpg,carrot,51,0.627906,0.914813,0.057688,0.170375
COCO_train2014_000000002697,images/train2014/COCO_train2014_000000002697.jpg,carrot,51,0.425836,0.678677,0.064516,0.098229
COCO_train2014_000000002697,images/train2014/COCO_train2014_000000002697.jpg,carrot,51,0.430125,0.835667,0.063313,0.153750
COCO_train2014_000000002697,images/train2014/COCO_train2014_000000002697.jpg,carrot,51,0.588844,0.130156,0.057969,0.030854
COCO_train2014_000000002697,images/train2014/COCO_train2014_000000002697.jpg,carrot,51,0.550961,0.186958,0.033453,0.040083
COCO_train2014_000000002697,images/train2014/COCO_train2014_000000002697.jpg,carrot,51,0.588727,0.218906,0.043922,0.023979
COCO_train2014_000000002697,images/train2014/COCO_train2014_000000002697.jpg,carrot,51,0.478414,0.263052,0.066172,0.018188
COCO_train2014_000000002697,images/train2014/COCO_train2014_000000002697.jpg,carrot,51,0.537914,0.215042,0.046922,0.021750
COCO_train2014_000000002697,images/train2014/COCO_train2014_000000002697.jpg,carrot,51,0.619477,0.232010,0.031328,0.035813
COCO_train2014_000000015897,images/train2014/COCO_train2014_000000015897.jpg,person,0,0.336130,0.484260,0.368500,0.833718
COCO_train2014_000000015897,images/train2014/COCO_train2014_000000015897.jpg,teddy bear,77,0.440970,0.727112,0.182780,0.303610
COCO_train2014_000000015897,images/train2014/COCO_train2014_000000015897.jpg,chair,56,0.669130,0.736625,0.286300,0.404224
COCO_train2014_000000013797,images/train2014/COCO_train2014_000000013797.jpg,tie,27,0.865438,0.549988,0.057500,0.241335
COCO_train2014_000000013797,images/train2014/COCO_train2014_000000013797.jpg,person,0,0.465953,0.395480,0.152469,0.396487
COCO_train2014_000000013797,images/train2014/COCO_train2014_000000013797.jpg,person,0,0.403648,0.651616,0.269109,0.695785
COCO_train2014_000000013797,images/train2014/COCO_train2014_000000013797.jpg,person,0,0.156680,0.617600,0.310359,0.732576
COCO_train2014_000000013797,images/train2014/COCO_train2014_000000013797.jpg,person,0,0.065367,0.440316,0.067609,0.117119
COCO_train2014_000000013797,images/train2014/COCO_train2014_000000013797.jpg,person,0,0.557586,0.324543,0.071297,0.090351
COCO_train2014_000000013797,images/train2014/COCO_train2014_000000013797.jpg,person,0,0.659812,0.570269,0.326219,0.835386
COCO_train2014_000000013797,images/train2014/COCO_train2014_000000013797.jpg,person,0,0.785180,0.291405,0.095328,0.262108
COCO_train2014_000000013797,images/train2014/COCO_train2014_000000013797.jpg,person,0,0.944937,0.498958,0.110125,0.637307
COCO_train2014_000000013797,images/train2014/COCO_train2014_000000013797.jpg,person,0,0.402828,0.364391,0.072375,0.235855
COCO_train2014_000000013797,images/train2014/COCO_train2014_000000013797.jpg,person,0,0.243117,0.415187,0.087859,0.128033
COCO_train2014_000000013797,images/train2014/COCO_train2014_000000013797.jpg,person,0,0.877547,0.612939,0.172687,0.764707
COCO_train2014_000000002197,images/train2014/COCO_train2014_000000002197.jpg,sink,71,0.152211,0.637125,0.302766,0.079708
COCO_train2014_000000002197,images/train2014/COCO_train2014_000000002197.jpg,sink,71,0.474750,0.569021,0.205219,0.047125
COCO_train2014_000000002197,images/train2014/COCO_train2014_000000002197.jpg,toilet,61,0.793766,0.792979,0.025844,0.105292
COCO_train2014_000000038097,images/train2014/COCO_train2014_000000038097.jpg,horse,17,0.633251,0.708602,0.465235,0.556984
COCO_train2014_000000038097,images/train2014/COCO_train2014_000000038097.jpg,horse,17,0.254847,0.635234,0.509695,0.729531
COCO_train2014_000000038097,images/train2014/COCO_train2014_000000038097.jpg,car,2,0.888521,0.669883,0.195775,0.091391
COCO_train2014_000000038097,images/train2014/COCO_train2014_000000038097.jpg,person,0,0.079941,0.521391,0.092418,0.134438
COCO_train2014_000000051197,images/train2014/COCO_train2014_000000051197.jpg,car,2,0.968578,0.329341,0.062844,0.098024
COCO_train2014_000000051197,images/train2014/COCO_train2014_000000051197.jpg,person,0,0.796961,0.520224,0.406078,0.932588
COCO_train2014_000000051197,images/train2014/COCO_train2014_000000051197.jpg,person,0,0.426133,0.391647,0.075766,0.294494
COCO_train2014_000000051197,images/train2014/COCO_train2014_000000051197.jpg,apple,47,0.381062,0.717576,0.027344,0.038259
COCO_train2014_000000051197,images/train2014/COCO_train2014_000000051197.jpg,apple,47,0.361289,0.717506,0.213234,0.224000
COCO_train2014_000000051197,images/train2014/COCO_train2014_000000051197.jpg,apple,47,0.200742,0.709894,0.211328,0.159694
COCO_train2014_000000051197,images/train2014/COCO_train2014_000000051197.jpg,person,0,0.048977,0.420529,0.097953,0.294612
COCO_train2014_000000051197,images/train2014/COCO_train2014_000000051197.jpg,orange,49,0.585906,0.578106,0.017313,0.023129
COCO_train2014_000000051197,images/train2014/COCO_train2014_000000051197.jpg,orange,49,0.551016,0.629847,0.028281,0.033859
COCO_train2014_000000051197,images/train2014/COCO_train2014_000000051197.jpg,orange,49,0.645148,0.581988,0.021266,0.020635
COCO_train2014_000000051197,images/train2014/COCO_train2014_000000051197.jpg,orange,49,0.537359,0.572988,0.022719,0.034212
COCO_train2014_000000051197,images/train2014/COCO_train2014_000000051197.jpg,orange,49,0.643047,0.604259,0.025406,0.026682
COCO_train2014_000000051197,images/train2014/COCO_train2014_000000051197.jpg,orange,49,0.143852,0.506024,0.013609,0.013082
COCO_train2014_000000051197,images/train2014/COCO_train2014_000000051197.jpg,orange,49,0.127445,0.481812,0.019266,0.022306
COCO_train2014_000000051197,images/train2014/COCO_train2014_000000051197.jpg,orange,49,0.115758,0.510318,0.017453,0.009153
COCO_train2014_000000051197,images/train2014/COCO_train2014_000000051197.jpg,orange,49,0.095609,0.497106,0.016688,0.021224
COCO_train2014_000000051197,images/train2014/COCO_train2014_000000051197.jpg,orange,49,0.175148,0.489612,0.015078,0.011035
COCO_train2014_000000051197,images/train2014/COCO_train2014_000000051197.jpg,orange,49,0.157000,0.502353,0.014281,0.011388
COCO_train2014_000000051197,images/train2014/COCO_train2014_000000051197.jpg,orange,49,0.129586,0.500471,0.020266,0.018824
COCO_train2014_000000051197,images/train2014/COCO_train2014_000000051197.jpg,orange,49,0.094187,0.478788,0.013781,0.018565
COCO_train2014_000000051197,images/train2014/COCO_train2014_000000051197.jpg,orange,49,0.129688,0.510588,0.084375,0.112941
COCO_train2014_000000038697,images/train2014/COCO_train2014_000000038697.jpg,sink,71,0.544227,0.259667,0.304453,0.258250
COCO_train2014_000000015197,images/train2014/COCO_train2014_000000015197.jpg,tv,62,0.209875,0.441573,0.416656,0.481479
COCO_train2014_000000015197,images/train2014/COCO_train2014_000000015197.jpg,laptop,63,0.582773,0.535167,0.335266,0.341375
COCO_train2014_000000015197,images/train2014/COCO_train2014_000000015197.jpg,mouse,64,0.921563,0.927760,0.156875,0.144479
COCO_train2014_000000015197,images/train2014/COCO_train2014_000000015197.jpg,keyboard,66,0.375195,0.799313,0.605734,0.132333
COCO_train2014_000000015197,images/train2014/COCO_train2014_000000015197.jpg,keyboard,66,0.578180,0.623687,0.264484,0.047250
COCO_train2014_000000015197,images/train2014/COCO_train2014_000000015197.jpg,remote,65,0.053273,0.787333,0.106547,0.091000
COCO_train2014_000000058497,images/train2014/COCO_train2014_000000058497.jpg,person,0,0.393586,0.636355,0.228578,0.685748
COCO_train2014_000000058497,images/train2014/COCO_train2014_000000058497.jpg,person,0,0.492133,0.584077,0.175109,0.717827
COCO_train2014_000000058497,images/train2014/COCO_train2014_000000058497.jpg,skis,30,0.586750,0.928096,0.263563,0.106846
COCO_train2014_000000058497,images/train2014/COCO_train2014_000000058497.jpg,skis,30,0.409344,0.963914,0.317344,0.072173
COCO_train2014_000000058497,images/train2014/COCO_train2014_000000058497.jpg,bench,13,0.197398,0.264136,0.060359,0.057897
COCO_train2014_000000058497,images/train2014/COCO_train2014_000000058497.jpg,person,0,0.040297,0.301273,0.046844,0.104276
COCO_train2014_000000058497,images/train2014/COCO_train2014_000000058497.jpg,bench,13,0.075531,0.302664,0.130688,0.092383
COCO_train2014_000000021097,images/train2014/COCO_train2014_000000021097.jpg,fork,42,0.674372,0.773492,0.651255,0.110547
COCO_train2014_000000021097,images/train2014/COCO_train2014_000000021097.jpg,knife,43,0.859843,0.605305,0.280314,0.092766
COCO_train2014_000000021097,images/train2014/COCO_train2014_000000021097.jpg,bowl,45,0.700690,0.256367,0.598619,0.293078
COCO_train2014_000000021097,images/train2014/COCO_train2014_000000021097.jpg,bowl,45,0.518337,0.671273,0.963326,0.657453
COCO_train2014_000000021097,images/train2014/COCO_train2014_000000021097.jpg,bowl,45,0.070345,0.504422,0.140690,0.276813
COCO_train2014_000000064697,images/train2014/COCO_train2014_000000064697.jpg,donut,54,0.815734,0.669667,0.323594,0.404500
COCO_train2014_000000064697,images/train2014/COCO_train2014_000000064697.jpg,donut,54,0.478039,0.338969,0.266891,0.353604
COCO_train2014_000000064697,images/train2014/COCO_train2014_000000064697.jpg,donut,54,0.760133,0.333333,0.304047,0.337833
COCO_train2014_000000064697,images/train2014/COCO_train2014_000000064697.jpg,donut,54,0.517578,0.691708,0.305563,0.411167
COCO_train2014_000000064697,images/train2014/COCO_train2014_000000064697.jpg,donut,54,0.203680,0.371406,0.297766,0.364563
COCO_train2014_000000064697,images/train2014/COCO_train2014_000000064697.jpg,donut,54,0.208203,0.730417,0.328531,0.405667
COCO_train2014_000000009797,images/train2014/COCO_train2014_000000009797.jpg,person,0,0.673167,0.503580,0.501086,0.970920
COCO_train2014_000000009797,images/train2014/COCO_train2014_000000009797.jpg,person,0,0.289174,0.569180,0.578348,0.861320
COCO_train2014_000000009797,images/train2014/COCO_train2014_000000009797.jpg,snowboard,31,0.802240,0.633330,0.318869,0.729300
COCO_train2014_000000009797,images/train2014/COCO_train2014_000000009797.jpg,person,0,0.065113,0.393840,0.029412,0.049760
COCO_train2014_000000009797,images/train2014/COCO_train2014_000000009797.jpg,skis,30,0.456900,0.674030,0.126335,0.620780
COCO_train2014_000000015097,images/train2014/COCO_train2014_000000015097.jpg,person,0,0.234074,0.521523,0.054982,0.087766
COCO_train2014_000000015097,images/train2014/COCO_train2014_000000015097.jpg,person,0,0.978822,0.771336,0.040342,0.128797
COCO_train2014_000000015097,images/train2014/COCO_train2014_000000015097.jpg,skis,30,0.726448,0.866367,0.152752,0.043797
COCO_train2014_000000015097,images/train2014/COCO_train2014_000000015097.jpg,person,0,0.573489,0.706891,0.088561,0.221438
COCO_train2014_000000015097,images/train2014/COCO_train2014_000000015097.jpg,person,0,0.725270,0.756437,0.083777,0.243500
COCO_train2014_000000015097,images/train2014/COCO_train2014_000000015097.jpg,skis,30,0.421862,0.863539,0.053219,0.014453
COCO_train2014_000000015097,images/train2014/COCO_train2014_000000015097.jpg,skis,30,0.598525,0.809141,0.234676,0.044719
COCO_train2014_000000015097,images/train2014/COCO_train2014_000000015097.jpg,skis,30,0.268129,0.861766,0.054173,0.037656
COCO_train2014_000000015097,images/train2014/COCO_train2014_000000015097.jpg,person,0,0.421331,0.770086,0.135719,0.198922
COCO_train2014_000000015097,images/train2014/COCO_train2014_000000015097.jpg,person,0,0.269362,0.726539,0.104874,0.247641
COCO_train2014_000000015097,images/train2014/COCO_train2014_000000015097.jpg,skis,30,0.933058,0.819156,0.085899,0.024875
COCO_train2014_000000015097,images/train2014/COCO_train2014_000000015097.jpg,skis,30,0.245782,0.837469,0.042356,0.030687
COCO_train2014_000000059497,images/train2014/COCO_train2014_000000059497.jpg,cup,41,0.207984,0.691388,0.410031,0.617224
COCO_train2014_000000034097,images/train2014/COCO_train2014_000000034097.jpg,horse,17,0.381047,0.605597,0.319219,0.670258
COCO_train2014_000000034097,images/train2014/COCO_train2014_000000034097.jpg,horse,17,0.202867,0.612623,0.180016,0.642389
COCO_train2014_000000034097,images/train2014/COCO_train2014_000000034097.jpg,person,0,0.613961,0.473033,0.112453,0.249438
COCO_train2014_000000034097,images/train2014/COCO_train2014_000000034097.jpg,person,0,0.496086,0.412389,0.036547,0.065386
COCO_train2014_000000034097,images/train2014/COCO_train2014_000000034097.jpg,person,0,0.497523,0.435047,0.037922,0.057822
COCO_train2014_000000034097,images/train2014/COCO_train2014_000000034097.jpg,person,0,0.564492,0.406077,0.017047,0.044707
COCO_train2014_000000034097,images/train2014/COCO_train2014_000000034097.jpg,person,0,0.542961,0.412939,0.026891,0.073981
COCO_train2014_000000034097,images/train2014/COCO_train2014_000000034097.jpg,person,0,0.457992,0.404801,0.037203,0.071569
COCO_train2014_000000034097,images/train2014/COCO_train2014_000000034097.jpg,person,0,0.423320,0.410855,0.030859,0.096276
COCO_train2014_000000034097,images/train2014/COCO_train2014_000000034097.jpg,person,0,0.536383,0.463162,0.044703,0.115785
COCO_train2014_000000034097,images/train2014/COCO_train2014_000000034097.jpg,person,0,0.453453,0.428044,0.032969,0.041194
COCO_train2014_000000034097,images/train2014/COCO_train2014_000000034097.jpg,person,0,0.093258,0.406089,0.051859,0.089321
COCO_train2014_000000034097,images/train2014/COCO_train2014_000000034097.jpg,person,0,0.386406,0.419204,0.035969,0.077096
COCO_train2014_000000034097,images/train2014/COCO_train2014_000000034097.jpg,person,0,0.561180,0.441171,0.023891,0.061920
COCO_train2014_000000058597,images/train2014/COCO_train2014_000000058597.jpg,clock,74,0.702761,0.306945,0.111919,0.081172
COCO_train2014_000000058597,images/train2014/COCO_train2014_000000058597.jpg,person,0,0.187537,0.968187,0.134733,0.063625
COCO_train2014_000000058597,images/train2014/COCO_train2014_000000058597.jpg,person,0,0.634861,0.950297,0.099744,0.099406
COCO_train2014_000000058597,images/train2014/COCO_train2014_000000058597.jpg,person,0,0.838070,0.948047,0.141812,0.103906
COCO_train2014_000000058597,images/train2014/COCO_train2014_000000058597.jpg,person,0,0.705533,0.865242,0.012345,0.013109
COCO_train2014_000000058597,images/train2014/COCO_train2014_000000058597.jpg,person,0,0.765267,0.942656,0.110789,0.114688
COCO_train2014_000000058597,images/train2014/COCO_train2014_000000058597.jpg,person,0,0.488380,0.946789,0.065629,0.103172
COCO_train2014_000000058597,images/train2014/COCO_train2014_000000058597.jpg,person,0,0.535075,0.957945,0.111983,0.084109
COCO_train2014_000000058597,images/train2014/COCO_train2014_000000058597.jpg,person,0,0.251450,0.948313,0.073603,0.076406
COCO_train2014_000000058597,images/train2014/COCO_train2014_000000058597.jpg,person,0,0.919350,0.903508,0.029659,0.037172
COCO_train2014_000000058597,images/train2014/COCO_train2014_000000058597.jpg,car,2,0.395362,0.934828,0.152132,0.125688
COCO_train2014_000000058597,images/train2014/COCO_train2014_000000058597.jpg,person,0,0.364286,0.951969,0.081962,0.090094
COCO_train2014_000000058597,images/train2014/COCO_train2014_000000058597.jpg,person,0,0.739435,0.930609,0.088678,0.094156
COCO_train2014_000000058597,images/train2014/COCO_train2014_000000058597.jpg,car,2,0.352793,0.957273,0.163198,0.084641
COCO_train2014_000000058597,images/train2014/COCO_train2014_000000058597.jpg,person,0,0.319435,0.969875,0.109872,0.060062
COCO_train2014_000000058597,images/train2014/COCO_train2014_000000058597.jpg,person,0,0.150928,0.947742,0.077719,0.104516
COCO_train2014_000000058597,images/train2014/COCO_train2014_000000058597.jpg,person,0,0.541578,0.799219,0.912580,0.398438
COCO_train2014_000000058597,images/train2014/COCO_train2014_000000058597.jpg,person,0,0.541578,0.799219,0.912580,0.398438
COCO_train2014_000000028097,images/train2014/COCO_train2014_000000028097.jpg,elephant,20,0.587782,0.660672,0.824437,0.656187
COCO_train2014_000000028097,images/train2014/COCO_train2014_000000028097.jpg,person,0,0.626291,0.293422,0.275869,0.344906
COCO_train2014_000000055897,images/train2014/COCO_train2014_000000055897.jpg,horse,17,0.416561,0.633039,0.826834,0.702453
COCO_train2014_000000055897,images/train2014/COCO_train2014_000000055897.jpg,person,0,0.297729,0.761445,0.481747,0.477109
COCO_train2014_000000055897,images/train2014/COCO_train2014_000000055897.jpg,truck,7,0.285426,0.350102,0.187096,0.035578
COCO_train2014_000000026997,images/train2014/COCO_train2014_000000026997.jpg,zebra,22,0.612328,0.547292,0.775344,0.741000
COCO_train2014_000000026997,images/train2014/COCO_train2014_000000026997.jpg,zebra,22,0.492859,0.535062,0.938969,0.877917
COCO_train2014_000000053897,images/train2014/COCO_train2014_000000053897.jpg,chair,56,0.613930,0.627600,0.770453,0.744801
COCO_train2014_000000053897,images/train2014/COCO_train2014_000000053897.jpg,person,0,0.470641,0.523138,0.504531,0.930023
COCO_train2014_000000053897,images/train2014/COCO_train2014_000000053897.jpg,broccoli,50,0.292680,0.602600,0.094422,0.181593
COCO_train2014_000000035297,images/train2014/COCO_train2014_000000035297.jpg,zebra,22,0.822625,0.802023,0.131844,0.124099
COCO_train2014_000000035297,images/train2014/COCO_train2014_000000035297.jpg,zebra,22,0.330336,0.779608,0.102078,0.124595
COCO_train2014_000000035297,images/train2014/COCO_train2014_000000035297.jpg,zebra,22,0.388445,0.772480,0.036703,0.107624
COCO_train2014_000000035297,images/train2014/COCO_train2014_000000035297.jpg,zebra,22,0.907727,0.802924,0.062422,0.103133
COCO_train2014_000000042297,images/train2014/COCO_train2014_000000042297.jpg,person,0,0.405687,0.342700,0.567219,0.671910
COCO_train2014_000000042297,images/train2014/COCO_train2014_000000042297.jpg,person,0,0.774680,0.375283,0.450641,0.737075
COCO_train2014_000000042297,images/train2014/COCO_train2014_000000042297.jpg,cake,55,0.556531,0.792158,0.881844,0.407146
COCO_train2014_000000042297,images/train2014/COCO_train2014_000000042297.jpg,person,0,0.088578,0.695495,0.177156,0.231462
COCO_train2014_000000042297,images/train2014/COCO_train2014_000000042297.jpg,dining table,60,0.083367,0.889894,0.163766,0.197759
COCO_train2014_000000042297,images/train2014/COCO_train2014_000000042297.jpg,person,0,0.511391,0.159552,0.254594,0.310094
COCO_train2014_000000042297,images/train2014/COCO_train2014_000000042297.jpg,bowl,45,0.110875,0.940825,0.077687,0.116132
COCO_train2014_000000042297,images/train2014/COCO_train2014_000000042297.jpg,chair,56,0.590227,0.448054,0.234016,0.345448
COCO_train2014_000000058997,images/train2014/COCO_train2014_000000058997.jpg,person,0,0.080836,0.403294,0.011453,0.031859
COCO_train2014_000000058997,images/train2014/COCO_train2014_000000058997.jpg,person,0,0.505336,0.440012,0.006828,0.025812
COCO_train2014_000000058997,images/train2014/COCO_train2014_000000058997.jpg,person,0,0.067961,0.402059,0.008516,0.032494
COCO_train2014_000000058997,images/train2014/COCO_train2014_000000058997.jpg,person,0,0.345570,0.449518,0.006484,0.013576
COCO_train2014_000000058997,images/train2014/COCO_train2014_000000058997.jpg,boat,8,0.399008,0.446059,0.072047,0.038094
COCO_train2014_000000058997,images/train2014/COCO_train2014_000000058997.jpg,boat,8,0.331523,0.262247,0.089328,0.489812
COCO_train2014_000000058997,images/train2014/COCO_train2014_000000058997.jpg,boat,8,0.506781,0.460318,0.065875,0.103035
COCO_train2014_000000058997,images/train2014/COCO_train2014_000000058997.jpg,boat,8,0.687125,0.473024,0.087938,0.058376
COCO_train2014_000000058997,images/train2014/COCO_train2014_000000058997.jpg,boat,8,0.800797,0.462365,0.069281,0.074941
COCO_train2014_000000058997,images/train2014/COCO_train2014_000000058997.jpg,boat,8,0.872406,0.477965,0.072000,0.047741
COCO_train2014_000000058997,images/train2014/COCO_train2014_000000058997.jpg,boat,8,0.551398,0.442694,0.064172,0.049435
COCO_train2014_000000058997,images/train2014/COCO_train2014_000000058997.jpg,boat,8,0.290383,0.312341,0.042641,0.256871
COCO_train2014_000000058997,images/train2014/COCO_train2014_000000058997.jpg,boat,8,0.230117,0.470294,0.078828,0.072541
COCO_train2014_000000058997,images/train2014/COCO_train2014_000000058997.jpg,person,0,0.167836,0.323447,0.005359,0.008776
COCO_train2014_000000058997,images/train2014/COCO_train2014_000000058997.jpg,person,0,0.434156,0.405929,0.017375,0.036235
COCO_train2014_000000058997,images/train2014/COCO_train2014_000000058997.jpg,person,0,0.749750,0.472141,0.012781,0.017553
COCO_train2014_000000058997,images/train2014/COCO_train2014_000000058997.jpg,person,0,0.883469,0.477835,0.012094,0.033035
COCO_train2014_000000058997,images/train2014/COCO_train2014_000000058997.jpg,boat,8,0.437281,0.445529,0.051625,0.046071
COCO_train2014_000000058997,images/train2014/COCO_train2014_000000058997.jpg,boat,8,0.750672,0.471388,0.052906,0.059247
COCO_train2014_000000058997,images/train2014/COCO_train2014_000000058997.jpg,boat,8,0.938805,0.478894,0.068703,0.051153
COCO_train2014_000000058997,images/train2014/COCO_train2014_000000058997.jpg,boat,8,0.986141,0.478259,0.027719,0.049035
COCO_train2014_000000058997,images/train2014/COCO_train2014_000000058997.jpg,person,0,0.228617,0.474412,0.009672,0.040918
COCO_train2014_000000058997,images/train2014/COCO_train2014_000000058997.jpg,boat,8,0.500000,0.230588,0.996875,0.456471
COCO_train2014_000000058997,images/train2014/COCO_train2014_000000058997.jpg,boat,8,0.500000,0.230588,0.996875,0.456471
COCO_train2014_000000046997,images/train2014/COCO_train2014_000000046997.jpg,sandwich,48,0.717766,0.607844,0.564469,0.562771
COCO_train2014_000000046997,images/train2014/COCO_train2014_000000046997.jpg,sandwich,48,0.173656,0.159052,0.310406,0.183438
COCO_train2014_000000046997,images/train2014/COCO_train2014_000000046997.jpg,sandwich,48,0.277687,0.640031,0.555375,0.590604
COCO_train2014_000000046997,images/train2014/COCO_train2014_000000046997.jpg,spoon,44,0.658859,0.224688,0.324406,0.185375
COCO_train2014_000000046997,images/train2014/COCO_train2014_000000046997.jpg,bowl,45,0.756047,0.140271,0.392031,0.187833
COCO_train2014_000000046997,images/train2014/COCO_train2014_000000046997.jpg,bowl,45,0.324438,0.314604,0.632031,0.337083
COCO_train2014_000000046997,images/train2014/COCO_train2014_000000046997.jpg,bowl,45,0.168578,0.093833,0.332469,0.111208
COCO_train2014_000000046997,images/train2014/COCO_train2014_000000046997.jpg,dining table,60,0.760711,0.550646,0.465578,0.893500
COCO_train2014_000000043697,images/train2014/COCO_train2014_000000043697.jpg,person,0,0.185914,0.606745,0.371828,0.786511
COCO_train2014_000000043697,images/train2014/COCO_train2014_000000043697.jpg,hot dog,52,0.529039,0.496464,0.574578,0.898829
COCO_train2014_000000008297,images/train2014/COCO_train2014_000000008297.jpg,sports ball,32,0.154672,0.160492,0.041625,0.060749
COCO_train2014_000000008297,images/train2014/COCO_train2014_000000008297.jpg,person,0,0.551250,0.546183,0.198969,0.825105
COCO_train2014_000000008297,images/train2014/COCO_train2014_000000008297.jpg,tennis racket,38,0.561273,0.289016,0.173922,0.125199
COCO_train2014_000000039497,images/train2014/COCO_train2014_000000039497.jpg,bus,5,0.410977,0.643021,0.674703,0.297283
COCO_train2014_000000039497,images/train2014/COCO_train2014_000000039497.jpg,bus,5,0.875195,0.670070,0.249609,0.251710
COCO_train2014_000000039497,images/train2014/COCO_train2014_000000039497.jpg,person,0,0.794781,0.728782,0.040156,0.155972
COCO_train2014_000000039497,images/train2014/COCO_train2014_000000039497.jpg,person,0,0.026672,0.680176,0.046969,0.137775
COCO_train2014_000000039497,images/train2014/COCO_train2014_000000039497.jpg,person,0,0.054141,0.660398,0.025875,0.123419
COCO_train2014_000000039497,images/train2014/COCO_train2014_000000039497.jpg,person,0,0.297656,0.738056,0.021313,0.029789
COCO_train2014_000000035397,images/train2014/COCO_train2014_000000035397.jpg,person,0,0.924508,0.080563,0.150984,0.159459
COCO_train2014_000000035397,images/train2014/COCO_train2014_000000035397.jpg,broccoli,50,0.544758,0.461520,0.254734,0.368491
COCO_train2014_000000035397,images/train2014/COCO_train2014_000000035397.jpg,broccoli,50,0.361570,0.237646,0.233422,0.287050
COCO_train2014_000000035397,images/train2014/COCO_train2014_000000035397.jpg,broccoli,50,0.298984,0.488514,0.190719,0.276036
COCO_train2014_000000035397,images/train2014/COCO_train2014_000000035397.jpg,broccoli,50,0.460063,0.508446,0.161219,0.206577
COCO_train2014_000000035397,images/train2014/COCO_train2014_000000035397.jpg,broccoli,50,0.342062,0.343784,0.249656,0.236486
COCO_train2014_000000035397,images/train2014/COCO_train2014_000000035397.jpg,broccoli,50,0.481797,0.182455,0.130781,0.253694
COCO_train2014_000000035397,images/train2014/COCO_train2014_000000035397.jpg,dining table,60,0.500039,0.501295,0.996484,0.997410
COCO_train2014_000000059997,images/train2014/COCO_train2014_000000059997.jpg,vase,75,0.491221,0.510109,0.746103,0.957312
COCO_train2014_000000039597,images/train2014/COCO_train2014_000000039597.jpg,couch,57,0.304836,0.744083,0.564516,0.305375
COCO_train2014_000000039597,images/train2014/COCO_train2014_000000039597.jpg,bed,59,0.436516,0.591010,0.653937,0.494396
COCO_train2014_000000039597,images/train2014/COCO_train2014_000000039597.jpg,vase,75,0.928594,0.458708,0.032438,0.072917
COCO_train2014_000000003197,images/train2014/COCO_train2014_000000003197.jpg,person,0,0.612664,0.659194,0.241203,0.322876
COCO_train2014_000000003197,images/train2014/COCO_train2014_000000003197.jpg,surfboard,37,0.628984,0.827070,0.158750,0.110349
COCO_train2014_000000022097,images/train2014/COCO_train2014_000000022097.jpg,vase,75,0.430152,0.622195,0.860304,0.755609
COCO_train2014_000000026497,images/train2014/COCO_train2014_000000026497.jpg,truck,7,0.460305,0.515760,0.863172,0.470729
COCO_train2014_000000010097,images/train2014/COCO_train2014_000000010097.jpg,person,0,0.431578,0.528014,0.057094,0.303250
COCO_train2014_000000010097,images/train2014/COCO_train2014_000000010097.jpg,person,0,0.623172,0.164194,0.199719,0.319111
COCO_train2014_000000010097,images/train2014/COCO_train2014_000000010097.jpg,skateboard,36,0.599133,0.482972,0.199078,0.411000
COCO_train2014_000000010097,images/train2014/COCO_train2014_000000010097.jpg,person,0,0.968961,0.433708,0.062078,0.166306
COCO_train2014_000000010097,images/train2014/COCO_train2014_000000010097.jpg,bicycle,1,0.963117,0.527486,0.073766,0.169583
COCO_train2014_000000017697,images/train2014/COCO_train2014_000000017697.jpg,dog,16,0.529297,0.376765,0.056569,0.054542
COCO_train2014_000000017697,images/train2014/COCO_train2014_000000017697.jpg,car,2,0.498922,0.867778,0.997843,0.248693
COCO_train2014_000000017697,images/train2014/COCO_train2014_000000017697.jpg,motorcycle,3,0.426176,0.552892,0.583889,0.375850
COCO_train2014_000000017697,images/train2014/COCO_train2014_000000017697.jpg,suitcase,28,0.282002,0.462851,0.267533,0.135833
COCO_train2014_000000017697,images/train2014/COCO_train2014_000000017697.jpg,person,0,0.514641,0.445948,0.281536,0.452712
COCO_train2014_000000016297,images/train2014/COCO_train2014_000000016297.jpg,dog,16,0.610602,0.631323,0.648484,0.535354
COCO_train2014_000000016297,images/train2014/COCO_train2014_000000016297.jpg,bed,59,0.500000,0.497198,1.000000,0.984271
COCO_train2014_000000016297,images/train2014/COCO_train2014_000000016297.jpg,cup,41,0.217344,0.191948,0.038281,0.073229
COCO_train2014_000000016297,images/train2014/COCO_train2014_000000016297.jpg,book,73,0.189891,0.051885,0.072625,0.030437
COCO_train2014_000000016297,images/train2014/COCO_train2014_000000016297.jpg,person,0,0.459234,0.427906,0.481938,0.453604
COCO_train2014_000000012597,images/train2014/COCO_train2014_000000012597.jpg,elephant,20,0.503875,0.521347,0.390281,0.782007
COCO_train2014_000000001497,images/train2014/COCO_train2014_000000001497.jpg,clock,74,0.670943,0.628227,0.197877,0.145109
COCO_train2014_000000001497,images/train2014/COCO_train2014_000000001497.jpg,clock,74,0.330601,0.641625,0.159741,0.156625
COCO_train2014_000000036397,images/train2014/COCO_train2014_000000036397.jpg,horse,17,0.756180,0.302240,0.465160,0.478640
COCO_train2014_000000050597,images/train2014/COCO_train2014_000000050597.jpg,person,0,0.753375,0.560688,0.490781,0.878625
COCO_train2014_000000050597,images/train2014/COCO_train2014_000000050597.jpg,person,0,0.467695,0.576406,0.412922,0.820229
COCO_train2014_000000050597,images/train2014/COCO_train2014_000000050597.jpg,banana,46,0.673828,0.458062,0.048531,0.114125
COCO_train2014_000000050597,images/train2014/COCO_train2014_000000050597.jpg,apple,47,0.407758,0.445583,0.071109,0.083292
COCO_train2014_000000050597,images/train2014/COCO_train2014_000000050597.jpg,person,0,0.173594,0.513490,0.347187,0.950562
COCO_train2014_000000000897,images/train2014/COCO_train2014_000000000897.jpg,person,0,0.664195,0.552951,0.503766,0.714614
COCO_train2014_000000000897,images/train2014/COCO_train2014_000000000897.jpg,skis,30,0.682180,0.396066,0.563734,0.660656
COCO_train2014_000000035097,images/train2014/COCO_train2014_000000035097.jpg,broccoli,50,0.254953,0.529990,0.204969,0.285104
COCO_train2014_000000035097,images/train2014/COCO_train2014_000000035097.jpg,broccoli,50,0.373719,0.629198,0.114094,0.154979
COCO_train2014_000000035097,images/train2014/COCO_train2014_000000035097.jpg,broccoli,50,0.375000,0.433396,0.178250,0.195292
COCO_train2014_000000035097,images/train2014/COCO_train2014_000000035097.jpg,broccoli,50,0.226766,0.403531,0.150000,0.134104
COCO_train2014_000000035097,images/train2014/COCO_train2014_000000035097.jpg,dining table,60,0.501406,0.594385,0.996063,0.788771
COCO_train2014_000000035097,images/train2014/COCO_train2014_000000035097.jpg,knife,43,0.681180,0.063229,0.105141,0.125500
COCO_train2014_000000035097,images/train2014/COCO_train2014_000000035097.jpg,knife,43,0.736867,0.048594,0.066016,0.095479
COCO_train2014_000000035097,images/train2014/COCO_train2014_000000035097.jpg,knife,43,0.675977,0.161031,0.112984,0.135063
COCO_train2014_000000035097,images/train2014/COCO_train2014_000000035097.jpg,knife,43,0.704242,0.056615,0.093578,0.113229
COCO_train2014_000000035097,images/train2014/COCO_train2014_000000035097.jpg,knife,43,0.657773,0.079292,0.114953,0.153292
COCO_train2014_000000035097,images/train2014/COCO_train2014_000000035097.jpg,knife,43,0.667164,0.116792,0.069234,0.077875
COCO_train2014_000000035097,images/train2014/COCO_train2014_000000035097.jpg,knife,43,0.779594,0.032417,0.065187,0.063792
COCO_train2014_000000016697,images/train2014/COCO_train2014_000000016697.jpg,cow,19,0.526203,0.382354,0.138219,0.556557
COCO_train2014_000000016697,images/train2014/COCO_train2014_000000016697.jpg,cow,19,0.657352,0.464836,0.220609,0.522225
COCO_train2014_000000016697,images/train2014/COCO_train2014_000000016697.jpg,cow,19,0.890266,0.426885,0.219469,0.655925
COCO_train2014_000000016697,images/train2014/COCO_train2014_000000016697.jpg,cow,19,0.956141,0.408349,0.087719,0.272670
COCO_train2014_000000016697,images/train2014/COCO_train2014_000000016697.jpg,cow,19,0.225938,0.398150,0.179437,0.433443
COCO_train2014_000000016697,images/train2014/COCO_train2014_000000016697.jpg,cow,19,0.779102,0.411827,0.106172,0.505386
COCO_train2014_000000016697,images/train2014/COCO_train2014_000000016697.jpg,cow,19,0.073977,0.434637,0.147953,0.869274
COCO_train2014_000000016697,images/train2014/COCO_train2014_000000016697.jpg,cow,19,0.121305,0.403899,0.180234,0.615574
COCO_train2014_000000016697,images/train2014/COCO_train2014_000000016697.jpg,cow,19,0.392609,0.440644,0.226437,0.659649
COCO_train2014_000000063797,images/train2014/COCO_train2014_000000063797.jpg,clock,74,0.811844,0.806734,0.011229,0.007875
COCO_train2014_000000063797,images/train2014/COCO_train2014_000000063797.jpg,clock,74,0.525979,0.293492,0.229250,0.213766
COCO_train2014_000000063797,images/train2014/COCO_train2014_000000063797.jpg,person,0,0.786917,0.815883,0.151208,0.365984
COCO_train2014_000000026297,images/train2014/COCO_train2014_000000026297.jpg,microwave,68,0.487920,0.544947,0.561240,0.635973
COCO_train2014_000000026297,images/train2014/COCO_train2014_000000026297.jpg,cup,41,0.424540,0.156867,0.072920,0.132453
COCO_train2014_000000026097,images/train2014/COCO_train2014_000000026097.jpg,bicycle,1,0.580703,0.746125,0.081063,0.187292
COCO_train2014_000000026097,images/train2014/COCO_train2014_000000026097.jpg,bicycle,1,0.729672,0.633938,0.029594,0.052875
COCO_train2014_000000026097,images/train2014/COCO_train2014_000000026097.jpg,car,2,0.390180,0.619479,0.270141,0.133417
COCO_train2014_000000026097,images/train2014/COCO_train2014_000000026097.jpg,car,2,0.245688,0.604521,0.151938,0.103458
COCO_train2014_000000026097,images/train2014/COCO_train2014_000000026097.jpg,traffic light,9,0.681398,0.479990,0.032328,0.055063
COCO_train2014_000000026097,images/train2014/COCO_train2014_000000026097.jpg,traffic light,9,0.598844,0.453562,0.038312,0.052750
COCO_train2014_000000001697,images/train2014/COCO_train2014_000000001697.jpg,cup,41,0.440880,0.050133,0.131640,0.100267
COCO_train2014_000000001697,images/train2014/COCO_train2014_000000001697.jpg,fork,42,0.281420,0.156960,0.134640,0.103093
COCO_train2014_000000001697,images/train2014/COCO_train2014_000000001697.jpg,fork,42,0.303630,0.085013,0.117460,0.085227
COCO_train2014_000000001697,images/train2014/COCO_train2014_000000001697.jpg,sandwich,48,0.692690,0.552813,0.407860,0.462907
COCO_train2014_000000001697,images/train2014/COCO_train2014_000000001697.jpg,cup,41,0.850670,0.158173,0.226260,0.311013
COCO_train2014_000000001697,images/train2014/COCO_train2014_000000001697.jpg,cup,41,0.238610,0.055000,0.145820,0.110000
COCO_train2014_000000001697,images/train2014/COCO_train2014_000000001697.jpg,fork,42,0.172470,0.193200,0.133060,0.065333
COCO_train2014_000000001697,images/train2014/COCO_train2014_000000001697.jpg,dining table,60,0.499680,0.527267,0.999360,0.945467
COCO_train2014_000000032997,images/train2014/COCO_train2014_000000032997.jpg,motorcycle,3,0.428156,0.606850,0.193875,0.575059
COCO_train2014_000000032997,images/train2014/COCO_train2014_000000032997.jpg,motorcycle,3,0.762609,0.195410,0.028375,0.044731
COCO_train2014_000000032997,images/train2014/COCO_train2014_000000032997.jpg,motorcycle,3,0.685430,0.154988,0.011109,0.028290
COCO_train2014_000000032997,images/train2014/COCO_train2014_000000032997.jpg,umbrella,25,0.521172,0.083009,0.068062,0.044801
COCO_train2014_000000032997,images/train2014/COCO_train2014_000000032997.jpg,person,0,0.449297,0.394145,0.231406,0.691429
COCO_train2014_000000032997,images/train2014/COCO_train2014_000000032997.jpg,person,0,0.581688,0.161651,0.061531,0.105176
COCO_train2014_000000032997,images/train2014/COCO_train2014_000000032997.jpg,umbrella,25,0.554570,0.122810,0.025391,0.016440
COCO_train2014_000000032997,images/train2014/COCO_train2014_000000032997.jpg,umbrella,25,0.838211,0.065667,0.069703,0.045105
COCO_train2014_000000032997,images/train2014/COCO_train2014_000000032997.jpg,umbrella,25,0.537977,0.120749,0.021234,0.027213
COCO_train2014_000000032997,images/train2014/COCO_train2014_000000032997.jpg,banana,46,0.304266,0.506686,0.021875,0.040445
COCO_train2014_000000032997,images/train2014/COCO_train2014_000000032997.jpg,banana,46,0.209898,0.587272,0.113953,0.240445
COCO_train2014_000000032997,images/train2014/COCO_train2014_000000032997.jpg,banana,46,0.585008,0.306604,0.085109,0.104169
COCO_train2014_000000032997,images/train2014/COCO_train2014_000000032997.jpg,banana,46,0.619867,0.512611,0.011609,0.028970
COCO_train2014_000000032997,images/train2014/COCO_train2014_000000032997.jpg,banana,46,0.326789,0.303431,0.094797,0.124754
COCO_train2014_000000032997,images/train2014/COCO_train2014_000000032997.jpg,banana,46,0.583687,0.573864,0.070062,0.142061
COCO_train2014_000000032997,images/train2014/COCO_train2014_000000032997.jpg,banana,46,0.660547,0.526311,0.018500,0.032810
COCO_train2014_000000032997,images/train2014/COCO_train2014_000000032997.jpg,banana,46,0.261109,0.440831,0.028469,0.022974
COCO_train2014_000000032997,images/train2014/COCO_train2014_000000032997.jpg,banana,46,0.352938,0.499450,0.060219,0.180492
COCO_train2014_000000032997,images/train2014/COCO_train2014_000000032997.jpg,banana,46,0.652672,0.598361,0.111594,0.226932
COCO_train2014_000000032997,images/train2014/COCO_train2014_000000032997.jpg,banana,46,0.684789,0.486721,0.040828,0.128712
COCO_train2014_000000032997,images/train2014/COCO_train2014_000000032997.jpg,banana,46,0.280883,0.532424,0.111672,0.248080
COCO_train2014_000000032997,images/train2014/COCO_train2014_000000032997.jpg,person,0,0.515477,0.177927,0.054328,0.105457
COCO_train2014_000000032997,images/train2014/COCO_train2014_000000032997.jpg,person,0,0.793203,0.154286,0.050906,0.161405
COCO_train2014_000000032997,images/train2014/COCO_train2014_000000032997.jpg,person,0,0.648164,0.155492,0.023578,0.077260
COCO_train2014_000000032997,images/train2014/COCO_train2014_000000032997.jpg,person,0,0.722883,0.145293,0.024109,0.071850
COCO_train2014_000000032997,images/train2014/COCO_train2014_000000032997.jpg,person,0,0.823344,0.140316,0.019500,0.066862
COCO_train2014_000000032997,images/train2014/COCO_train2014_000000032997.jpg,person,0,0.683734,0.141429,0.013594,0.044309
COCO_train2014_000000032997,images/train2014/COCO_train2014_000000032997.jpg,person,0,0.603766,0.144696,0.016313,0.031311
COCO_train2014_000000032997,images/train2014/COCO_train2014_000000032997.jpg,motorcycle,3,0.977094,0.189813,0.045812,0.124403
COCO_train2014_000000032997,images/train2014/COCO_train2014_000000032997.jpg,person,0,0.699375,0.135843,0.012781,0.035059
COCO_train2014_000000032997,images/train2014/COCO_train2014_000000032997.jpg,motorcycle,3,0.821008,0.172237,0.017078,0.035433
COCO_train2014_000000032997,images/train2014/COCO_train2014_000000032997.jpg,banana,46,0.598117,0.480785,0.065859,0.121522
COCO_train2014_000000032997,images/train2014/COCO_train2014_000000032997.jpg,person,0,0.535703,0.172998,0.032500,0.072834
COCO_train2014_000000032997,images/train2014/COCO_train2014_000000032997.jpg,person,0,0.834203,0.143700,0.010562,0.029789
COCO_train2014_000000032997,images/train2014/COCO_train2014_000000032997.jpg,motorcycle,3,0.578187,0.212740,0.079844,0.090960
COCO_train2014_000000032997,images/train2014/COCO_train2014_000000032997.jpg,motorcycle,3,0.794328,0.219731,0.039938,0.086019
COCO_train2014_000000032997,images/train2014/COCO_train2014_000000032997.jpg,motorcycle,3,0.650727,0.177974,0.024734,0.056698
COCO_train2014_000000032997,images/train2014/COCO_train2014_000000032997.jpg,motorcycle,3,0.724562,0.171159,0.014969,0.038244
COCO_train2014_000000033297,images/train2014/COCO_train2014_000000033297.jpg,refrigerator,72,0.929867,0.571803,0.140266,0.829977
COCO_train2014_000000033297,images/train2014/COCO_train2014_000000033297.jpg,refrigerator,72,0.808984,0.595386,0.137313,0.782998
COCO_train2014_000000033297,images/train2014/COCO_train2014_000000033297.jpg,chair,56,0.397773,0.874941,0.064172,0.205808
COCO_train2014_000000033297,images/train2014/COCO_train2014_000000033297.jpg,chair,56,0.446875,0.928958,0.077406,0.142084
COCO_train2014_000000033297,images/train2014/COCO_train2014_000000033297.jpg,bowl,45,0.242297,0.849356,0.059688,0.061288
COCO_train2014_000000033297,images/train2014/COCO_train2014_000000033297.jpg,apple,47,0.172625,0.867201,0.031469,0.041850
COCO_train2014_000000033297,images/train2014/COCO_train2014_000000033297.jpg,apple,47,0.184383,0.894602,0.029234,0.043817
COCO_train2014_000000033297,images/train2014/COCO_train2014_000000033297.jpg,apple,47,0.197930,0.881768,0.020328,0.039040
COCO_train2014_000000033297,images/train2014/COCO_train2014_000000033297.jpg,dining table,60,0.205687,0.917717,0.411375,0.164567
COCO_train2014_000000033297,images/train2014/COCO_train2014_000000033297.jpg,microwave,68,0.700086,0.554415,0.089859,0.121007
COCO_train2014_000000033297,images/train2014/COCO_train2014_000000033297.jpg,oven,69,0.137937,0.614602,0.149938,0.159555
COCO_train2014_000000033297,images/train2014/COCO_train2014_000000033297.jpg,toaster,70,0.064305,0.642635,0.112234,0.109204
COCO_train2014_000000033297,images/train2014/COCO_train2014_000000033297.jpg,sink,71,0.573063,0.558396,0.168375,0.047939
COCO_train2014_000000033297,images/train2014/COCO_train2014_000000033297.jpg,apple,47,0.150594,0.867471,0.015844,0.016768
COCO_train2014_000000062397,images/train2014/COCO_train2014_000000062397.jpg,person,0,0.519816,0.461797,0.783198,0.892125
COCO_train2014_000000062397,images/train2014/COCO_train2014_000000062397.jpg,skateboard,36,0.713711,0.941172,0.220911,0.084531
COCO_train2014_000000028797,images/train2014/COCO_train2014_000000028797.jpg,bottle,39,0.333625,0.519054,0.082469,0.405818
COCO_train2014_000000028797,images/train2014/COCO_train2014_000000028797.jpg,chair,56,0.719719,0.304848,0.069531,0.236799
COCO_train2014_000000028797,images/train2014/COCO_train2014_000000028797.jpg,chair,56,0.068687,0.540070,0.137375,0.462757
COCO_train2014_000000028797,images/train2014/COCO_train2014_000000028797.jpg,chair,56,0.192094,0.496390,0.195312,0.429650
COCO_train2014_000000028797,images/train2014/COCO_train2014_000000028797.jpg,chair,56,0.956742,0.590409,0.086516,0.342967
COCO_train2014_000000028797,images/train2014/COCO_train2014_000000028797.jpg,dining table,60,0.503008,0.725467,0.993984,0.521355
COCO_train2014_000000028797,images/train2014/COCO_train2014_000000028797.jpg,person,0,0.532438,0.265759,0.393125,0.529276
COCO_train2014_000000028797,images/train2014/COCO_train2014_000000028797.jpg,person,0,0.894852,0.130701,0.147109,0.261308
COCO_train2014_000000028797,images/train2014/COCO_train2014_000000028797.jpg,person,0,0.959836,0.274147,0.077609,0.379463
COCO_train2014_000000028797,images/train2014/COCO_train2014_000000028797.jpg,fork,42,0.622914,0.386519,0.058609,0.080888
COCO_train2014_000000028797,images/train2014/COCO_train2014_000000028797.jpg,knife,43,0.436078,0.400619,0.091094,0.092780
COCO_train2014_000000028797,images/train2014/COCO_train2014_000000028797.jpg,knife,43,0.797414,0.792944,0.207141,0.236075
COCO_train2014_000000028797,images/train2014/COCO_train2014_000000028797.jpg,dining table,60,0.884992,0.273201,0.129016,0.057757
COCO_train2014_000000028797,images/train2014/COCO_train2014_000000028797.jpg,bottle,39,0.701391,0.084790,0.012625,0.074252
COCO_train2014_000000028797,images/train2014/COCO_train2014_000000028797.jpg,bottle,39,0.690070,0.085748,0.017328,0.077757
COCO_train2014_000000028797,images/train2014/COCO_train2014_000000028797.jpg,bottle,39,0.671953,0.090502,0.009938,0.064089
COCO_train2014_000000028797,images/train2014/COCO_train2014_000000028797.jpg,bottle,39,0.662188,0.087979,0.012313,0.061519
COCO_train2014_000000028797,images/train2014/COCO_train2014_000000028797.jpg,bottle,39,0.650578,0.079778,0.012188,0.047313
COCO_train2014_000000028797,images/train2014/COCO_train2014_000000028797.jpg,bottle,39,0.640937,0.074287,0.008594,0.031799
COCO_train2014_000000028797,images/train2014/COCO_train2014_000000028797.jpg,bottle,39,0.630234,0.066273,0.005375,0.015537
COCO_train2014_000000028797,images/train2014/COCO_train2014_000000028797.jpg,cup,41,0.226391,0.551659,0.118188,0.402009
COCO_train2014_000000028797,images/train2014/COCO_train2014_000000028797.jpg,cup,41,0.938711,0.223843,0.027547,0.099136
COCO_train2014_000000028797,images/train2014/COCO_train2014_000000028797.jpg,fork,42,0.790258,0.817956,0.173047,0.239416
COCO_train2014_000000028797,images/train2014/COCO_train2014_000000028797.jpg,chair,56,0.801703,0.263738,0.101281,0.330280
COCO_train2014_000000028797,images/train2014/COCO_train2014_000000028797.jpg,potted plant,58,0.301055,0.078353,0.073797,0.156706
COCO_train2014_000000028797,images/train2014/COCO_train2014_000000028797.jpg,dining table,60,0.701391,0.225257,0.039438,0.047757
COCO_train2014_000000028797,images/train2014/COCO_train2014_000000028797.jpg,person,0,0.323500,0.149930,0.084094,0.217103
COCO_train2014_000000028797,images/train2014/COCO_train2014_000000028797.jpg,person,0,0.050055,0.520502,0.100109,0.304276
COCO_train2014_000000028797,images/train2014/COCO_train2014_000000028797.jpg,handbag,26,0.891641,0.630105,0.129375,0.187173
COCO_train2014_000000028797,images/train2014/COCO_train2014_000000028797.jpg,cup,41,0.295547,0.332091,0.090688,0.280678
COCO_train2014_000000028797,images/train2014/COCO_train2014_000000028797.jpg,cup,41,0.918391,0.198037,0.028187,0.133178
COCO_train2014_000000028797,images/train2014/COCO_train2014_000000028797.jpg,dining table,60,0.332664,0.288808,0.039141,0.064299
COCO_train2014_000000028797,images/train2014/COCO_train2014_000000028797.jpg,handbag,26,0.234172,0.313832,0.025312,0.060561
COCO_train2014_000000028797,images/train2014/COCO_train2014_000000028797.jpg,person,0,0.222344,0.166227,0.184125,0.290911
COCO_train2014_000000028797,images/train2014/COCO_train2014_000000028797.jpg,sandwich,48,0.465648,0.735806,0.161828,0.148154
COCO_train2014_000000028797,images/train2014/COCO_train2014_000000028797.jpg,sandwich,48,0.568242,0.487897,0.088828,0.117383
